first_name,last_name,email,gender,phone,loan_date,debt,address
Virgilio,Duerdin,vduerdin0@stumbleupon.com,Male,(178) 4572757,1/18/2015,$92302.95,72 Hallows Junction
Riccardo,Lehrer,rlehrer1@lycos.com,Male,(134) 5263273,7/14/2013,$20911.96,1789 Sage Trail
Miquela,Garbutt,mgarbutt2@amazon.co.uk,Female,(176) 5433811,9/8/2014,$80401.74,341 Jay Pass
Hadleigh,Starte,hstarte3@bbb.org,Male,(417) 3601116,10/17/2018,$45360.50,75 Donald Place
Dodie,Ivison,divison4@cpanel.net,Female,(927) 9390609,5/16/2010,$45377.69,8428 Golf Circle
Lonee,Heaton,lheaton5@pcworld.com,Female,(569) 6006613,4/2/2017,$20654.16,888 Arrowood Circle
Francois,Erat,ferat6@spiegel.de,Male,(111) 8494771,10/19/2011,$4880.34,5 Gerald Road
Valerie,Woolmington,vwoolmington7@slashdot.org,Female,(445) 9822522,12/27/2012,$63001.99,8 Texas Plaza
Flinn,Haken,fhaken8@github.io,Male,(482) 2741508,6/14/2018,$93648.90,529 West Center
Rik,Cage,rcage9@diigo.com,Male,(244) 9041951,1/19/2015,$38394.74,84 Glacier Hill Hill
Kaila,MacKessock,kmackessocka@ezinearticles.com,Female,(338) 6907011,2/24/2018,$55090.71,45 Gina Way
Nadeen,Celli,ncellib@nytimes.com,Female,(460) 2083626,10/9/2018,$43275.25,801 Sutteridge Junction
Karina,Harrema,kharremac@cisco.com,Female,(197) 4783264,5/6/2012,$5376.23,8799 Dwight Alley
Nannette,Feasley,nfeasleyd@hugedomains.com,Female,(390) 7121509,10/20/2012,$30630.40,8 Bonner Point
Ange,Giron,agirone@yandex.ru,Male,(264) 4627030,9/2/2010,$73480.22,69 Moose Pass
Bernardo,O'Loghlen,bologhlenf@geocities.com,Male,(781) 1398189,7/16/2013,$634.29,63 Kim Way
Chrissie,Joannic,cjoannicg@live.com,Male,(434) 6340049,6/11/2018,$12052.60,7259 Morrow Circle
Gertrudis,Crace,gcraceh@google.de,Female,(236) 7568548,5/14/2011,$74975.26,208 Tony Park
Yehudi,Harper,yharperi@blogs.com,Male,(467) 7565075,6/19/2011,$32964.83,52 Steensland Park
Ruby,Milthorpe,rmilthorpej@netvibes.com,Male,(432) 3046515,11/25/2016,$23851.45,934 Namekagon Hill
Aldis,Gorman,agormank@hc360.com,Male,(940) 5715033,9/1/2017,$9691.30,68 Northview Point
Wadsworth,Espinoza,wespinozal@un.org,Male,(136) 2407717,8/30/2017,$43288.51,383 Fuller Street
Robbert,Katzmann,rkatzmannm@time.com,Male,(865) 6094625,3/1/2013,$15142.91,508 Pine View Avenue
Vito,Pethrick,vpethrickn@businessweek.com,Male,(735) 7403555,8/14/2018,$835.69,47 Mitchell Parkway
Myrtia,Albutt,malbutto@nifty.com,Female,(419) 9152310,12/16/2018,$33326.89,7 Coolidge Crossing
Angelle,Sangra,asangrap@myspace.com,Female,(723) 5108939,3/9/2012,$54310.42,15 Rockefeller Junction
Theo,Clemot,tclemotq@ustream.tv,Female,(169) 4186223,7/15/2010,$57151.86,880 Grasskamp Avenue
Homerus,Kyd,hkydr@oracle.com,Male,(817) 6705616,2/1/2011,$40310.42,4730 Coleman Junction
Obadiah,Camble,ocambles@pagesperso-orange.fr,Male,(718) 6475321,5/12/2012,$2405.38,426 Hanover Way
Chrissie,Mooring,cmooringt@mysql.com,Female,(575) 9012088,4/3/2014,$73359.70,10962 Eastlawn Plaza
Melina,Woofinden,mwoofindenu@moonfruit.com,Female,(819) 6642920,5/21/2015,$42246.64,41 Fremont Terrace
Donni,Durward,ddurwardv@linkedin.com,Female,(171) 7572584,10/25/2017,$26857.97,5706 Crownhardt Court
Tomas,Standbridge,tstandbridgew@360.cn,Male,(419) 3038363,1/24/2012,$21886.59,48801 Huxley Hill
Justus,Marmion,jmarmionx@sogou.com,Male,(880) 7252294,2/4/2017,$74440.89,3 Victoria Circle
Lorilee,Yaknov,lyaknovy@answers.com,Female,(271) 1985366,2/20/2015,$30367.83,8869 Oneill Pass
Abby,Patemore,apatemorez@bigcartel.com,Male,(448) 8995749,12/9/2010,$73731.69,5831 Killdeer Alley
Simonne,Angeli,sangeli10@google.com.au,Female,(293) 5904521,7/8/2012,$4452.99,16525 Sutteridge Avenue
Kerry,Duberry,kduberry11@narod.ru,Female,(856) 7401951,2/28/2010,$39879.35,2374 Rieder Crossing
Lanny,Maffucci,lmaffucci12@angelfire.com,Female,(621) 6920875,10/20/2013,$73566.33,49 Green Center
Kathryn,Dufour,kdufour13@free.fr,Female,(604) 3812688,7/3/2012,$44018.73,85106 Butternut Center
Paquito,Rides,prides14@lulu.com,Male,(551) 4744039,6/6/2016,$79634.40,2197 Shoshone Park
Lyndy,Haythornthwaite,lhaythornthwaite15@goo.gl,Female,(563) 3467572,11/9/2016,$28625.44,6 Jackson Road
Devan,Van den Velden,dvandenvelden16@fastcompany.com,Female,(799) 9920517,4/6/2014,$83205.52,5 Melby Court
Oralla,Rann,orann17@php.net,Female,(338) 9807150,11/19/2012,$8108.00,42991 Spohn Center
Obed,Allcoat,oallcoat18@nymag.com,Male,(300) 5178866,5/24/2010,$23666.22,040 Hoffman Trail
Ofelia,Whitemarsh,owhitemarsh19@scientificamerican.com,Female,(855) 3531526,12/24/2017,$5804.11,6 Dexter Crossing
Verina,Barlass,vbarlass1a@foxnews.com,Female,(656) 4544485,1/24/2017,$67494.80,6622 Bowman Plaza
Kermie,Dockrill,kdockrill1b@cdbaby.com,Male,(887) 3425328,4/6/2017,$57106.88,91015 Meadow Vale Plaza
Lee,Guilleton,lguilleton1c@amazon.co.uk,Male,(360) 4568616,8/30/2015,$20717.92,0309 Luster Trail
Zita,Siddaley,zsiddaley1d@elegantthemes.com,Female,(467) 5717476,10/23/2010,$79215.35,78243 Almo Alley
Panchito,Menault,pmenault1e@instagram.com,Male,(518) 9311232,7/9/2015,$52000.76,27815 Westport Junction
Gaelan,Guilloneau,gguilloneau1f@ucsd.edu,Male,(902) 6645791,12/5/2015,$74851.55,2 Merrick Court
Doyle,MacMeanma,dmacmeanma1g@liveinternet.ru,Male,(441) 7932645,7/24/2011,$26888.78,4597 Westport Circle
Heath,Grinsdale,hgrinsdale1h@netscape.com,Male,(453) 8216947,4/15/2015,$69086.21,46883 Springs Plaza
Katalin,Bourton,kbourton1i@yelp.com,Female,(586) 2768988,1/27/2011,$98459.33,1991 Lukken Junction
Manny,Coaten,mcoaten1j@amazon.co.jp,Male,(497) 3761982,8/25/2016,$6808.32,4 Larry Street
Vally,Chave,vchave1k@sphinn.com,Female,(236) 9382971,10/13/2014,$78346.14,6 Center Place
Aurore,Matzeitis,amatzeitis1l@time.com,Female,(675) 3653763,4/19/2017,$54295.64,213 Messerschmidt Court
Carree,O'Hagirtie,cohagirtie1m@telegraph.co.uk,Female,(880) 1741819,5/27/2010,$73883.92,82 Merry Lane
Rafaello,Peyzer,rpeyzer1n@ehow.com,Male,(796) 2217715,12/14/2015,$5493.92,15 Shoshone Plaza
Gram,Ormond,gormond1o@dailymotion.com,Male,(714) 3607776,5/28/2010,$23141.67,70 Victoria Park
Adan,Neeson,aneeson1p@linkedin.com,Female,(257) 8192255,1/15/2014,$65614.65,3 Cascade Center
Liam,Stubs,lstubs1q@google.com.hk,Male,(306) 9802378,3/18/2017,$24425.24,48 Fallview Hill
Saxe,Goodoune,sgoodoune1r@godaddy.com,Male,(290) 9573481,8/19/2018,$69738.73,4 Shelley Way
Tamqrah,Bullingham,tbullingham1s@opera.com,Female,(928) 9415036,1/28/2016,$95365.06,073 Center Center
Kristin,Ivakin,kivakin1t@fastcompany.com,Female,(786) 2769689,9/1/2018,$31827.35,9930 Sachs Hill
Lanie,Yerlett,lyerlett1u@google.co.jp,Male,(851) 5726760,1/5/2015,$23123.48,2 Stang Terrace
Petronella,De Cruz,pdecruz1v@boston.com,Female,(683) 6796958,9/11/2017,$71154.36,7 Hayes Terrace
Stephenie,Menis,smenis1w@upenn.edu,Female,(303) 5524150,5/20/2010,$75296.40,881 Redwing Drive
Fawnia,Barks,fbarks1x@parallels.com,Female,(366) 8952759,10/14/2012,$47832.97,3994 Green Hill
Chicky,Seamer,cseamer1y@altervista.org,Male,(319) 9162234,11/18/2017,$115.75,2348 Longview Junction
Dodie,Theaker,dtheaker1z@samsung.com,Female,(721) 1790999,3/15/2017,$29954.12,0473 Waubesa Crossing
Joe,Thow,jthow20@jalbum.net,Male,(102) 2949157,1/7/2018,$66857.70,8426 Manley Street
Jori,Stoddart,jstoddart21@jimdo.com,Female,(334) 9182554,9/25/2012,$84523.86,499 Larry Road
Fifi,Giacomo,fgiacomo22@hc360.com,Female,(154) 6277331,5/13/2013,$33341.20,19471 Mesta Place
Paul,Poles,ppoles23@ft.com,Male,(504) 4788066,10/29/2015,$17367.23,7 Corben Parkway
Sidoney,Sikorski,ssikorski24@ucla.edu,Female,(712) 1070814,3/23/2014,$15983.18,27 Corben Center
Northrup,Reader,nreader25@statcounter.com,Male,(642) 8663115,5/31/2013,$88854.36,3 Holy Cross Junction
Ami,Tille,atille26@altervista.org,Female,(920) 7227784,6/22/2010,$35021.69,8616 Spenser Point
Ugo,Scurfield,uscurfield27@unblog.fr,Male,(187) 5029602,6/14/2016,$94795.40,8 Crowley Center
Godart,Pedder,gpedder28@surveymonkey.com,Male,(363) 3131181,1/5/2014,$38394.96,2791 Glendale Lane
Lara,Mont,lmont29@businessweek.com,Female,(324) 4892826,6/5/2010,$18886.37,33151 Dahle Crossing
Anthia,Mingardo,amingardo2a@typepad.com,Female,(234) 2166345,8/2/2011,$71337.67,694 Shelley Center
Fabian,Mountstephen,fmountstephen2b@techcrunch.com,Male,(707) 4420370,6/1/2013,$75823.44,5488 Dexter Parkway
Edik,Rhule,erhule2c@mapquest.com,Male,(862) 9132528,8/31/2017,$91620.12,96233 Hagan Park
Xylia,Bernet,xbernet2d@wsj.com,Female,(350) 5314134,3/6/2017,$52689.89,93 Summerview Terrace
Rosco,Bringloe,rbringloe2e@fastcompany.com,Male,(103) 9854587,5/21/2015,$27796.84,439 Independence Park
Joanne,Degnen,jdegnen2f@scientificamerican.com,Female,(319) 7503489,10/2/2010,$92839.26,56886 Little Fleur Avenue
Kenyon,Jutson,kjutson2g@livejournal.com,Male,(870) 1052447,6/20/2014,$46668.79,8 Bartelt Place
Corabella,Cariss,ccariss2h@godaddy.com,Female,(698) 6642153,10/13/2018,$39705.84,6912 Vidon Crossing
Sly,Chipping,schipping2i@freewebs.com,Male,(330) 5374341,10/17/2015,$10654.45,495 Gateway Crossing
Gertrud,Snoddin,gsnoddin2j@theglobeandmail.com,Female,(239) 4999002,10/12/2011,$77345.69,89635 David Pass
Silvia,Spincks,sspincks2k@dagondesign.com,Female,(736) 1078336,5/1/2015,$7753.66,07216 Sycamore Point
Aimee,Stearnes,astearnes2l@yandex.ru,Female,(234) 3935762,9/11/2014,$74977.07,35032 Onsgard Pass
Rosalia,Evans,revans2m@diigo.com,Female,(201) 2789437,12/29/2016,$95622.57,66 Claremont Parkway
Barty,Cookney,bcookney2n@walmart.com,Male,(915) 7251725,5/30/2013,$17119.09,8057 Golf View Parkway
Carine,Tombleson,ctombleson2o@tuttocitta.it,Female,(312) 7391540,6/15/2015,$66942.79,5553 Tennyson Trail
Weylin,Hetterich,whetterich2p@ocn.ne.jp,Male,(707) 7573797,12/5/2012,$95352.39,71 Toban Road
Gavan,McElvine,gmcelvine2q@alibaba.com,Male,(809) 6843086,3/5/2018,$24491.72,9 Sycamore Park
Angelia,Meigh,ameigh2r@vimeo.com,Female,(688) 3020173,6/26/2018,$36822.69,0695 American Plaza
Dur,Woodwind,dwoodwind2s@etsy.com,Male,(270) 8231450,8/17/2016,$15105.02,1108 Grasskamp Point
Tanner,Ors,tors2t@thetimes.co.uk,Male,(143) 1526298,12/21/2010,$90.66,9047 Drewry Trail
Valina,Seers,vseers2u@independent.co.uk,Female,(115) 8155871,12/3/2012,$2833.62,776 Tony Pass
Wendel,Bugdall,wbugdall2v@wordpress.com,Male,(177) 4948229,5/13/2013,$45499.41,331 Anniversary Way
Alphonso,Wedmore,awedmore2w@liveinternet.ru,Male,(159) 1822502,6/23/2018,$48413.39,284 Kensington Court
Nani,Cordero,ncordero2x@merriam-webster.com,Female,(601) 2326361,1/14/2011,$9320.48,3785 Warrior Circle
Cassaundra,Vernalls,cvernalls2y@independent.co.uk,Female,(779) 8759614,4/24/2016,$71782.50,9 Haas Parkway
Algernon,Barbrick,abarbrick2z@furl.net,Male,(911) 1403914,8/2/2017,$24702.07,00 Autumn Leaf Street
Tad,Teodorski,tteodorski30@slate.com,Male,(898) 3074548,1/1/2013,$38634.69,256 Norway Maple Crossing
Nata,Rabidge,nrabidge31@discuz.net,Female,(678) 4433171,11/5/2012,$25373.14,26547 Knutson Pass
Isidoro,Hullah,ihullah32@ibm.com,Male,(383) 8793552,4/9/2011,$4465.74,30909 Clemons Way
Guilbert,Daborn,gdaborn33@reuters.com,Male,(758) 2881235,11/6/2011,$6441.29,318 Susan Point
Kip,Yearsley,kyearsley34@people.com.cn,Male,(594) 9677422,4/18/2017,$3222.88,878 Cambridge Pass
Tracie,Beckles,tbeckles35@mozilla.com,Male,(972) 1927360,5/18/2015,$72323.74,551 Erie Avenue
Gaspar,Silveston,gsilveston36@apple.com,Male,(160) 6676677,11/29/2010,$74501.04,1 Chinook Point
Maxy,Pulford,mpulford37@123-reg.co.uk,Female,(378) 4595151,4/13/2017,$41958.87,58 Artisan Trail
Hazel,Dufer,hdufer38@google.com.hk,Female,(436) 2895477,2/6/2011,$10624.18,1058 Londonderry Hill
Chris,Juniper,cjuniper39@paypal.com,Male,(602) 6614649,3/30/2016,$82203.57,7514 Sunfield Street
Daria,Naptine,dnaptine3a@forbes.com,Female,(608) 1385992,3/17/2015,$40993.55,63722 Shelley Way
Sherill,Glennon,sglennon3b@cornell.edu,Female,(474) 8194869,2/13/2015,$25248.86,191 Katie Lane
Asa,McArley,amcarley3c@issuu.com,Male,(324) 1864932,2/15/2017,$31018.86,791 Monterey Terrace
Roanne,Coleford,rcoleford3d@dailymail.co.uk,Female,(389) 5371937,5/6/2016,$55287.57,64 Bonner Trail
Demetria,Duignan,dduignan3e@webmd.com,Female,(921) 7971791,11/13/2011,$85834.66,0 Killdeer Street
Claudell,Dilworth,cdilworth3f@ftc.gov,Male,(629) 5465385,5/9/2015,$41326.65,92 Pond Street
Ellette,Lincey,elincey3g@java.com,Female,(268) 2006576,5/30/2014,$44296.31,16384 Hauk Way
Rollins,Lutzmann,rlutzmann3h@stanford.edu,Male,(158) 3799019,8/12/2014,$38232.51,9839 High Crossing Hill
Albrecht,Thomelin,athomelin3i@prnewswire.com,Male,(495) 8367357,11/16/2014,$54346.09,24140 Red Cloud Court
Brinn,Furber,bfurber3j@usgs.gov,Female,(179) 6415987,11/21/2016,$37650.67,251 Golf Center
Farrel,Hulkes,fhulkes3k@nationalgeographic.com,Male,(983) 1839431,11/25/2012,$82970.99,96316 Lerdahl Court
Kiersten,Camies,kcamies3l@gmpg.org,Female,(998) 9070958,7/10/2016,$51284.57,5 Dryden Crossing
Ethyl,How to preserve,ehowtopreserve3m@stanford.edu,Female,(917) 4111593,9/12/2013,$87863.99,7233 Burning Wood Alley
Hermann,Maulkin,hmaulkin3n@hexun.com,Male,(421) 3649729,11/10/2016,$24517.00,20 Park Meadow Center
Sheridan,Gallie,sgallie3o@devhub.com,Male,(970) 4224543,7/8/2017,$61840.33,70791 Talisman Place
Sawyer,Park,spark3p@e-recht24.de,Male,(530) 2014604,5/24/2016,$9067.60,3 Hayes Way
Anatole,Labet,alabet3q@123-reg.co.uk,Male,(497) 1376720,6/20/2010,$72649.83,601 Arrowood Court
Justine,Speere,jspeere3r@about.com,Female,(481) 6251239,10/26/2011,$63891.55,57285 Mockingbird Plaza
Dania,Shortan,dshortan3s@a8.net,Female,(267) 2674339,3/14/2017,$73871.83,4825 Mcguire Alley
Geoffrey,Lansberry,glansberry3t@cargocollective.com,Male,(437) 8304307,7/25/2010,$85153.18,82 Badeau Way
Maryellen,O'Crigan,mocrigan3u@furl.net,Female,(708) 1534288,9/24/2014,$29630.57,94131 Claremont Court
Nathanial,Wahner,nwahner3v@house.gov,Male,(544) 7048696,1/31/2017,$55389.99,8 Summerview Lane
Candis,Piris,cpiris3w@g.co,Female,(349) 1859639,2/10/2012,$77341.10,2 Scoville Pass
Linn,Silverthorn,lsilverthorn3x@samsung.com,Male,(746) 9954483,2/26/2015,$89615.48,792 Lindbergh Alley
Baxy,Annis,bannis3y@discuz.net,Male,(256) 7989253,1/13/2018,$46371.21,86228 Dixon Trail
Elnar,Abramowitch,eabramowitch3z@1und1.de,Male,(141) 3047852,5/30/2010,$45949.53,779 Myrtle Drive
Reynard,Merrisson,rmerrisson40@privacy.gov.au,Male,(273) 7473880,9/28/2013,$59853.78,12 Corry Pass
Ingelbert,Scales,iscales41@cbc.ca,Male,(523) 7317746,9/17/2016,$85529.60,9515 Hanover Drive
Rhodia,Joburn,rjoburn42@bbb.org,Female,(443) 3515534,8/29/2014,$52503.26,0 Butterfield Pass
Heda,Ambrogelli,hambrogelli43@economist.com,Female,(943) 2430031,12/4/2016,$7263.69,57665 Bartelt Hill
Derron,Surby,dsurby44@marriott.com,Male,(567) 4463978,7/21/2017,$95335.21,9 Dennis Parkway
Adara,Ower,aower45@mtv.com,Female,(439) 7842104,4/29/2011,$59801.64,76 Meadow Vale Crossing
Danell,Demoge,ddemoge46@chronoengine.com,Female,(193) 9934241,5/9/2017,$52011.15,88306 Grayhawk Center
Titos,Gammel,tgammel47@paypal.com,Male,(457) 2134551,3/28/2018,$83771.39,6 Valley Edge Circle
Osborn,Szymczyk,oszymczyk48@miitbeian.gov.cn,Male,(587) 9065649,11/22/2016,$6747.67,118 Kensington Terrace
Silvanus,Whitcombe,swhitcombe49@slashdot.org,Male,(332) 6486132,9/21/2014,$52433.82,6195 Pankratz Place
Kayla,Clutterham,kclutterham4a@springer.com,Female,(860) 3716387,8/12/2011,$92702.73,09 Helena Circle
Mallissa,Ratazzi,mratazzi4b@nba.com,Female,(904) 3044632,5/15/2017,$73428.90,20 Glacier Hill Junction
Raynell,Fanthom,rfanthom4c@si.edu,Female,(635) 3133144,8/23/2012,$30223.29,7644 Oak Point
Bob,O'Nions,bonions4d@histats.com,Male,(730) 6054368,2/28/2018,$83966.44,8017 Gina Pass
Teodoor,Collabine,tcollabine4e@apache.org,Male,(834) 4535393,12/7/2018,$13446.20,7 Mayer Trail
Dinny,Gildroy,dgildroy4f@cloudflare.com,Female,(162) 2641535,5/20/2016,$1435.95,90556 Rigney Park
Alica,Gascoigne,agascoigne4g@cpanel.net,Female,(527) 9068299,11/8/2010,$14726.75,61 Golf Drive
Renie,Pietri,rpietri4h@geocities.com,Female,(498) 2769840,2/25/2016,$64741.95,77 Hoard Avenue
Wheeler,Inkles,winkles4i@gravatar.com,Male,(917) 6122793,10/29/2017,$7981.17,518 Chive Plaza
Philbert,MacSween,pmacsween4j@auda.org.au,Male,(831) 9699363,12/11/2013,$22364.29,35867 Valley Edge Pass
Shina,Fries,sfries4k@deviantart.com,Female,(367) 5461830,4/4/2011,$32496.00,962 Bobwhite Circle
Arnoldo,Oby,aoby4l@si.edu,Male,(135) 3361071,9/26/2015,$83000.56,860 Myrtle Pass
Berkeley,Theml,btheml4m@unesco.org,Male,(589) 7280740,9/1/2011,$73470.74,22 Linden Road
Dagny,Tennock,dtennock4n@multiply.com,Male,(726) 8306740,8/27/2014,$12166.06,95238 Arapahoe Junction
Janet,Murch,jmurch4o@samsung.com,Female,(172) 5822841,10/8/2015,$94375.05,5 Dakota Crossing
Mable,Trim,mtrim4p@cisco.com,Female,(239) 1021761,8/15/2012,$33671.98,9 Sachs Road
Elysee,Fairbard,efairbard4q@imdb.com,Female,(923) 1080707,11/13/2012,$22057.68,3 Hoffman Center
Madelena,Catley,mcatley4r@chron.com,Female,(490) 5906018,8/24/2017,$96525.58,8493 Continental Court
Artus,Lorenzin,alorenzin4s@51.la,Male,(506) 9739471,7/30/2013,$67611.57,5 Doe Crossing Crossing
Guillemette,Baunton,gbaunton4t@webeden.co.uk,Female,(535) 1148634,12/17/2017,$43827.06,93245 Oriole Trail
Gillie,Danels,gdanels4u@mediafire.com,Female,(990) 3435933,9/14/2014,$14834.79,43 Laurel Avenue
Rolando,Sedgwick,rsedgwick4v@purevolume.com,Male,(130) 4103209,6/8/2011,$38599.02,54080 Texas Pass
Abbye,Docwra,adocwra4w@desdev.cn,Female,(609) 9437800,11/5/2011,$31610.53,747 Di Loreto Street
Othilia,Lacoste,olacoste4x@bravesites.com,Female,(388) 1595977,11/18/2018,$31784.88,9656 Michigan Terrace
Fenelia,Bill,fbill4y@wikispaces.com,Female,(963) 8904261,4/19/2018,$58629.75,65131 Talmadge Place
Jean,Northern,jnorthern4z@so-net.ne.jp,Male,(179) 7944308,2/22/2011,$69842.88,4 Spenser Avenue
Amby,Baird,abaird50@telegraph.co.uk,Male,(409) 6882775,4/29/2011,$92167.45,6 Fairfield Court
Colin,Tapner,ctapner51@myspace.com,Male,(819) 7348988,9/19/2015,$8212.27,24 Carioca Trail
Letisha,Nanson,lnanson52@usnews.com,Female,(133) 2917637,4/3/2015,$44040.11,89500 Graceland Place
Kile,McCarly,kmccarly53@example.com,Male,(220) 4902281,11/12/2011,$41502.94,31 School Junction
Fredrika,Lindbergh,flindbergh54@slashdot.org,Female,(157) 3126782,12/16/2018,$73198.40,8336 Buell Trail
Urson,Hannigane,uhannigane55@discovery.com,Male,(307) 6245221,5/11/2012,$62787.26,7588 Cambridge Point
Jessy,Barringer,jbarringer56@domainmarket.com,Female,(990) 9732345,9/23/2018,$68835.45,37658 Granby Road
Halie,Falcus,hfalcus57@issuu.com,Female,(470) 5210386,8/12/2013,$27599.14,16 International Place
Lion,Falconer-Taylor,lfalconertaylor58@webmd.com,Male,(201) 3239355,6/2/2014,$67224.05,14202 Aberg Trail
Ameline,Rominov,arominov59@soup.io,Female,(577) 3675672,10/29/2017,$34836.78,2537 Fremont Crossing
Neilla,Jeacop,njeacop5a@europa.eu,Female,(327) 5438779,1/30/2011,$51579.34,4 Luster Pass
Talyah,Dufaire,tdufaire5b@umich.edu,Female,(121) 4362903,9/10/2013,$67998.12,764 Duke Pass
Jackson,Andretti,jandretti5c@i2i.jp,Male,(339) 3129940,6/28/2014,$87189.43,2069 Katie Point
Floria,Drabble,fdrabble5d@baidu.com,Female,(863) 6688182,11/20/2011,$36545.38,93692 Hoard Circle
Amanda,Otley,aotley5e@sfgate.com,Female,(524) 2789439,1/22/2011,$48122.06,978 Dwight Trail
Curtis,Shear,cshear5f@wp.com,Male,(912) 2811371,12/30/2016,$6005.56,1 Bellgrove Terrace
Jaime,Bysshe,jbysshe5g@e-recht24.de,Female,(114) 3618476,4/26/2012,$70213.86,94 Dottie Place
August,Buxsey,abuxsey5h@mail.ru,Male,(354) 7811834,5/11/2010,$64185.71,2 Donald Park
Candis,Schukraft,cschukraft5i@salon.com,Female,(216) 7408064,2/21/2019,$54287.34,59 Spaight Drive
Nathanil,Dowry,ndowry5j@apache.org,Male,(704) 8083177,5/5/2017,$25520.87,73 Crownhardt Point
